id;name;service_manager_id;default_suppervisor_id;status;start_plan;end_plan;create_date;contract_id;note
1;deposit transmit Multi-layered;47889;28642;false;2021-09-17;2021-09-16;2021-09-16;20174;parallelism deposit National
2;connecting;73561;99608;false;2021-09-17;2021-09-17;2021-09-17;19183;Home Pre-emptive
3;Home Integrated Sweden;5565;92902;false;2021-09-16;2021-09-17;2021-09-16;3337;Rubber Centralized Team-oriented
4;innovate Loan;24783;76818;false;2021-09-17;2021-09-17;2021-09-17;42878;Netherlands Cambridgeshire
5;Pants;85086;95493;false;2021-09-16;2021-09-16;2021-09-17;83709;Fresh Administrator
6;Frozen;86089;12867;false;2021-09-16;2021-09-16;2021-09-16;88777;Lights Mobility
7;program plum;74458;47110;false;2021-09-16;2021-09-16;2021-09-17;65057;Shilling
8;uniform Tala Awesome;22859;2450;false;2021-09-17;2021-09-17;2021-09-16;25822;Coordinator calculating Hat
9;Sausages;55021;30508;false;2021-09-17;2021-09-17;2021-09-17;32557;index
10;Caledonia mindshare Tajikistan;83862;56877;true;2021-09-17;2021-09-17;2021-09-17;52574;Consultant optimizing Health
