id;svc_schedule_plan_id;is_published;status;approved;approved_id;comment;create_date;last_modified_date;create_by;create_by_id;last_modified_by;last_modified_by_id
1;12378;95888;Practical Forward;aggregate RSS expedite;7342;Borders relationships solid;2021-09-10;2021-09-10;Rand;22858;Steel Arizona connect;70009
2;50221;29728;bluetooth olive Outdoors;grey withdrawal User-friendly;85072;redundant Principal;2021-09-10;2021-09-09;Ergonomic generating;19028;Granite navigating;57860
3;60634;48978;full-range Garden;Dollar solid;20709;Industrial Salad;2021-09-09;2021-09-10;Human;80948;India El;75105
4;90981;39886;Cambridgeshire;invoice Light Dynamic;19370;bypass;2021-09-10;2021-09-10;bypass mission-critical Licensed;52346;neutral;20201
5;98857;67776;Account;value-added Dollar Organized;2019;Principal Rhode Wooden;2021-09-09;2021-09-10;Centralized channels;63361;superstructure;39030
6;7005;39160;Parkways;overriding convergence Books;62051;Planner;2021-09-09;2021-09-09;scale Loan;31628;seamless Dynamic digital;25142
7;26219;62944;systems invoice;asynchronous Fresh;40286;deposit Interactions transmitter;2021-09-09;2021-09-09;methodology Jewelery withdrawal;81206;Crossroad;35139
8;39613;43667;Tasty drive;JBOD Down-sized Buckinghamshire;37846;Checking auxiliary;2021-09-09;2021-09-09;compress Berkshire;93847;compress Expressway Falkland;93813
9;39334;39611;Bahamian reinvent Borders;Czech flexibility archive;19029;user-centric salmon;2021-09-10;2021-09-10;Books;60037;Guyana Reduced;37042
10;16204;55167;Texas COM;metrics Togo 1080p;68962;Afghani;2021-09-09;2021-09-09;multi-byte;35672;Rapids calculate;92772
